<anim ver="netanim-3.108" filetype="animation" >
<node id="0" sysId="0" locX="0" locY="0" />
<node id="1" sysId="0" locX="5" locY="0" />
<node id="2" sysId="0" locX="10" locY="0" />
<node id="3" sysId="0" locX="0" locY="10" />
<node id="4" sysId="0" locX="5" locY="10" />
<nu p="c" t="0" id="0" r="255" g="0" b="0" />
<nu p="c" t="0" id="1" r="255" g="0" b="0" />
<nu p="c" t="0" id="2" r="255" g="0" b="0" />
<nu p="c" t="0" id="3" r="255" g="0" b="0" />
<nu p="c" t="0" id="4" r="255" g="0" b="0" />
<nonp2plinkproperties id="0" ipAddress="127.0.0.1~00:00:00:00:00:00" channelType="Unknown channel" />
<nonp2plinkproperties id="0" ipAddress="192.168.1.1~00:00:00:00:00:01" channelType="ns3::YansWifiChannel" />
<nonp2plinkproperties id="1" ipAddress="127.0.0.1~00:00:00:00:00:00" channelType="Unknown channel" />
<nonp2plinkproperties id="1" ipAddress="192.168.1.2~00:00:00:00:00:02" channelType="ns3::YansWifiChannel" />
<nonp2plinkproperties id="2" ipAddress="127.0.0.1~00:00:00:00:00:00" channelType="Unknown channel" />
<nonp2plinkproperties id="2" ipAddress="192.168.1.3~00:00:00:00:00:03" channelType="ns3::YansWifiChannel" />
<nonp2plinkproperties id="3" ipAddress="127.0.0.1~00:00:00:00:00:00" channelType="Unknown channel" />
<nonp2plinkproperties id="3" ipAddress="192.168.1.4~00:00:00:00:00:04" channelType="ns3::YansWifiChannel" />
<nonp2plinkproperties id="4" ipAddress="127.0.0.1~00:00:00:00:00:00" channelType="Unknown channel" />
<nonp2plinkproperties id="4" ipAddress="192.168.1.5~00:00:00:00:00:05" channelType="ns3::YansWifiChannel" />
<ip n="0" >
<address >127.0.0.1</address>

<address >192.168.1.1</address>

</ip>
<ip n="0" >
<address >127.0.0.1</address>

<address >192.168.1.1</address>

</ip>
<ip n="1" >
<address >127.0.0.1</address>

<address >192.168.1.2</address>

</ip>
<ip n="1" >
<address >127.0.0.1</address>

<address >192.168.1.2</address>

</ip>
<ip n="2" >
<address >127.0.0.1</address>

<address >192.168.1.3</address>

</ip>
<ip n="2" >
<address >127.0.0.1</address>

<address >192.168.1.3</address>

</ip>
<ip n="3" >
<address >127.0.0.1</address>

<address >192.168.1.4</address>

</ip>
<ip n="3" >
<address >127.0.0.1</address>

<address >192.168.1.4</address>

</ip>
<ip n="4" >
<address >127.0.0.1</address>

<address >192.168.1.5</address>

</ip>
<ip n="4" >
<address >127.0.0.1</address>

<address >192.168.1.5</address>

</ip>
<ipv6 n="0" >
<address >::1</address>

</ipv6>
<ipv6 n="1" >
<address >::1</address>

</ipv6>
<ipv6 n="2" >
<address >::1</address>

</ipv6>
<ipv6 n="3" >
<address >::1</address>

</ipv6>
<ipv6 n="4" >
<address >::1</address>

</ipv6>
<nu p="s" t="0" id="0" w="1" h="1" />
<nu p="s" t="0" id="1" w="1" h="1" />
<nu p="s" t="0" id="2" w="1" h="1" />
<nu p="s" t="0" id="3" w="1" h="1" />
<nu p="s" t="0" id="4" w="1" h="1" />
<ncs ncId="0" n="RemainingEnergy" t="DOUBLE" />
<ncs ncId="1" n="WifiPhy TxDrop" t="DOUBLE" />
<ncs ncId="2" n="WifiPhy RxDrop" t="DOUBLE" />
<nc c="1" i="0" t="0" v="0" />
<nc c="2" i="0" t="0" v="0" />
<nc c="1" i="1" t="0" v="0" />
<nc c="2" i="1" t="0" v="0" />
<nc c="1" i="2" t="0" v="0" />
<nc c="2" i="2" t="0" v="0" />
<nc c="1" i="3" t="0" v="0" />
<nc c="2" i="3" t="0" v="0" />
<nc c="1" i="4" t="0" v="0" />
<nc c="2" i="4" t="0" v="0" />
<ncs ncId="3" n="WifiMac Tx" t="DOUBLE" />
<ncs ncId="4" n="WifiMac TxDrop" t="DOUBLE" />
<ncs ncId="5" n="WifiMac Rx" t="DOUBLE" />
<ncs ncId="6" n="WifiMac RxDrop" t="DOUBLE" />
<nc c="3" i="0" t="0" v="0" />
<nc c="4" i="0" t="0" v="0" />
<nc c="5" i="0" t="0" v="0" />
<nc c="6" i="0" t="0" v="0" />
<nc c="3" i="1" t="0" v="0" />
<nc c="4" i="1" t="0" v="0" />
<nc c="5" i="1" t="0" v="0" />
<nc c="6" i="1" t="0" v="0" />
<nc c="3" i="2" t="0" v="0" />
<nc c="4" i="2" t="0" v="0" />
<nc c="5" i="2" t="0" v="0" />
<nc c="6" i="2" t="0" v="0" />
<nc c="3" i="3" t="0" v="0" />
<nc c="4" i="3" t="0" v="0" />
<nc c="5" i="3" t="0" v="0" />
<nc c="6" i="3" t="0" v="0" />
<nc c="3" i="4" t="0" v="0" />
<nc c="4" i="4" t="0" v="0" />
<nc c="5" i="4" t="0" v="0" />
<nc c="6" i="4" t="0" v="0" />
<nu p="d" t="0" id="0" descr="SRV-0" />
<nu p="c" t="0" id="0" r="255" g="0" b="0" />
<nu p="d" t="0" id="1" descr="HOC-1" />
<nu p="c" t="0" id="1" r="0" g="0" b="255" />
<nu p="d" t="0" id="2" descr="HOC-2" />
<nu p="c" t="0" id="2" r="0" g="0" b="255" />
<nu p="d" t="0" id="3" descr="CLI-3" />
<nu p="c" t="0" id="3" r="0" g="255" b="0" />
<nu p="d" t="0" id="4" descr="CLI-4" />
<nu p="c" t="0" id="4" r="0" g="255" b="0" />
<nu p="p" t="0" id="0" x="0" y="0" />
<nu p="p" t="0" id="1" x="5" y="0" />
<nu p="p" t="0" id="2" x="10" y="0" />
<nu p="p" t="0" id="3" x="0" y="10" />
<nu p="p" t="0" id="4" x="5" y="10" />
<nc c="1" i="0" t="0" v="0" />
<nc c="2" i="0" t="0" v="0" />
<nc c="1" i="1" t="0" v="0" />
<nc c="2" i="1" t="0" v="0" />
<nc c="1" i="2" t="0" v="0" />
<nc c="2" i="2" t="0" v="0" />
<nc c="1" i="3" t="0" v="0" />
<nc c="2" i="3" t="0" v="0" />
<nc c="1" i="4" t="0" v="0" />
<nc c="2" i="4" t="0" v="0" />
<nc c="3" i="0" t="0" v="0" />
<nc c="4" i="0" t="0" v="0" />
<nc c="5" i="0" t="0" v="0" />
<nc c="6" i="0" t="0" v="0" />
<nc c="3" i="1" t="0" v="0" />
<nc c="4" i="1" t="0" v="0" />
<nc c="5" i="1" t="0" v="0" />
<nc c="6" i="1" t="0" v="0" />
<nc c="3" i="2" t="0" v="0" />
<nc c="4" i="2" t="0" v="0" />
<nc c="5" i="2" t="0" v="0" />
<nc c="6" i="2" t="0" v="0" />
<nc c="3" i="3" t="0" v="0" />
<nc c="4" i="3" t="0" v="0" />
<nc c="5" i="3" t="0" v="0" />
<nc c="6" i="3" t="0" v="0" />
<nc c="3" i="4" t="0" v="0" />
<nc c="4" i="4" t="0" v="0" />
<nc c="5" i="4" t="0" v="0" />
<nc c="6" i="4" t="0" v="0" />
<nu p="p" t="0.25" id="0" x="0.3304896819" y="-0.6427783136" />
<nu p="p" t="0.25" id="1" x="5.687561108" y="0.03177334637" />
<nu p="p" t="0.25" id="2" x="10.36674185" y="0.3555429419" />
<nu p="p" t="0.25" id="3" x="-0.5883667766" y="10.39947559" />
<nu p="p" t="0.25" id="4" x="4.533543661" y="10.75250292" />
<nu p="p" t="0.282374645" id="4" x="4.473138228" y="10.84995098" />
<nu p="p" t="0.345894508" id="0" x="0.4572582637" y="-0.8893339542" />
<nu p="p" t="0.351535667" id="3" x="-0.827327629" y="10.56171968" />
<nu p="p" t="0.363216424" id="1" x="5.998933948" y="0.04616240498" />
<nu p="p" t="0.489434233" id="2" x="10.71798406" y="0.6960595482" />
<nu p="p" t="0.5" id="0" x="0.2174086428" y="-1.429397229" />
<nu p="p" t="0.5" id="1" x="6.325735818" y="0.2487384003" />
<nu p="p" t="0.543215" id="4" x="4.573107196" y="9.854960429" />
<nu p="p" t="0.606679968" id="0" x="0.05137205612" y="-1.803257577" />
<nu p="p" t="0.633842123" id="3" x="0.1299812689" y="10.85078658" />
<nu p="p" t="0.718964961" id="1" x="6.848884581" y="0.573024738" />
<nu p="p" t="0.75" id="0" x="-0.2516445335" y="-1.644216696" />
<nu p="p" t="0.75" id="2" x="11.3021019" y="0.406347112" />
<nu p="p" t="0.889064193" id="2" x="11.61384613" y="0.2517273145" />
<nu p="p" t="0.929019058" id="3" x="0.6896635079" y="10.02207928" />
<nu p="p" t="0.963213589" id="4" x="3.722491256" y="9.329172903" />
<nc c="1" i="0" t="1" v="0" />
<nc c="2" i="0" t="1" v="0" />
<nc c="1" i="1" t="1" v="0" />
<nc c="2" i="1" t="1" v="0" />
<nc c="1" i="2" t="1" v="0" />
<nc c="2" i="2" t="1" v="0" />
<nc c="1" i="3" t="1" v="0" />
<nc c="2" i="3" t="1" v="0" />
<nc c="1" i="4" t="1" v="0" />
<nc c="2" i="4" t="1" v="0" />
<nc c="3" i="0" t="1" v="0" />
<nc c="4" i="0" t="1" v="0" />
<nc c="5" i="0" t="1" v="0" />
<nc c="6" i="0" t="1" v="0" />
<nc c="3" i="1" t="1" v="0" />
<nc c="4" i="1" t="1" v="0" />
<nc c="5" i="1" t="1" v="0" />
<nc c="6" i="1" t="1" v="0" />
<nc c="3" i="2" t="1" v="0" />
<nc c="4" i="2" t="1" v="0" />
<nc c="5" i="2" t="1" v="0" />
<nc c="6" i="2" t="1" v="0" />
<nc c="3" i="3" t="1" v="0" />
<nc c="4" i="3" t="1" v="0" />
<nc c="5" i="3" t="1" v="0" />
<nc c="6" i="3" t="1" v="0" />
<nc c="3" i="4" t="1" v="0" />
<nc c="4" i="4" t="1" v="0" />
<nc c="5" i="4" t="1" v="0" />
<nc c="6" i="4" t="1" v="0" />
<nu p="p" t="1" id="1" x="6.472240274" y="1.11831342" />
<nu p="p" t="1" id="3" x="0.5723198939" y="9.895175415" />
<pr uId="1" fId="4" fbTx="1.00405" meta-info="ns3::WifiMacHeader (DATA ToDS=0, FromDS=0, MoreFrag=0, Retry=0, MoreData=0 Duration/ID=0us, DA=ff:ff:ff:ff:ff:ff, SA=00:00:00:00:00:05, BSSID=00:00:00:00:00:05, FragNumber=0, SeqNumber=0) ns3::LlcSnapHeader (type 0x806) ns3::ArpHeader (request source mac: 00-06-00:00:00:00:00:05 source ipv4: 192.168.1.5 dest ipv4: 192.168.1.1) ns3::WifiMacTrailer ()" />
<wpr uId="1" tId="3" fbRx="1.004054011" lbRx="0" />
<wpr uId="1" tId="1" fbRx="1.004054029" lbRx="0" />
<wpr uId="1" tId="0" fbRx="1.004054038" lbRx="0" />
<wpr uId="1" tId="2" fbRx="1.00405404" lbRx="0" />
<pr uId="2" fId="0" fbTx="1.004804038" meta-info="ns3::WifiMacHeader (DATA ToDS=0, FromDS=0, MoreFrag=0, Retry=0, MoreData=0 Duration/ID=314us, DA=00:00:00:00:00:05, SA=00:00:00:00:00:01, BSSID=00:00:00:00:00:01, FragNumber=0, SeqNumber=0) ns3::LlcSnapHeader (type 0x806) ns3::ArpHeader (reply source mac: 00-06-00:00:00:00:00:01 source ipv4: 192.168.1.1 dest mac: 00-06-00:00:00:00:00:05 dest ipv4: 192.168.1.5) ns3::WifiMacTrailer ()" />
<wpr uId="2" tId="1" fbRx="1.004808064" lbRx="0" />
<wpr uId="2" tId="3" fbRx="1.004808076" lbRx="0" />
<wpr uId="2" tId="4" fbRx="1.004808076" lbRx="0" />
<wpr uId="2" tId="2" fbRx="1.004808079" lbRx="0" />
<pr uId="3" fId="4" fbTx="1.005518076" meta-info="ns3::WifiMacHeader (CTL_ACK Duration/ID=0us, RA=00:00:00:00:00:01) ns3::WifiMacTrailer ()" />
<wpr uId="3" tId="3" fbRx="1.005522087" lbRx="0" />
<wpr uId="3" tId="1" fbRx="1.005522105" lbRx="0" />
<wpr uId="3" tId="0" fbRx="1.005522114" lbRx="0" />
<wpr uId="3" tId="2" fbRx="1.005522115" lbRx="0" />
<pr uId="4" fId="4" fbTx="1.005992076" meta-info="ns3::WifiMacHeader (DATA ToDS=0, FromDS=0, MoreFrag=0, Retry=0, MoreData=0 Duration/ID=314us, DA=00:00:00:00:00:01, SA=00:00:00:00:00:05, BSSID=00:00:00:00:00:05, FragNumber=0, SeqNumber=1) ns3::LlcSnapHeader (type 0x800) ns3::Ipv4Header (tos 0x0 DSCP Default ECN Not-ECT ttl 64 id 0 protocol 17 offset (bytes) 0 flags [none] length: 540 192.168.1.5 &gt; 192.168.1.1) ns3::UdpHeader (length: 520 49153 &gt; 20) Payload (size=512) ns3::WifiMacTrailer ()" />
<wpr uId="4" tId="3" fbRx="1.005996087" lbRx="0" />
<wpr uId="4" tId="1" fbRx="1.005996104" lbRx="0" />
<wpr uId="4" tId="0" fbRx="1.005996114" lbRx="0" />
<wpr uId="4" tId="2" fbRx="1.005996115" lbRx="0" />
<pr uId="5" fId="0" fbTx="1.010802114" meta-info="ns3::WifiMacHeader (CTL_ACK Duration/ID=0us, RA=00:00:00:00:00:05) ns3::WifiMacTrailer ()" />
<wpr uId="5" tId="1" fbRx="1.01080614" lbRx="0" />
<wpr uId="5" tId="3" fbRx="1.010806152" lbRx="0" />
<wpr uId="5" tId="4" fbRx="1.010806152" lbRx="0" />
<wpr uId="5" tId="2" fbRx="1.010806155" lbRx="0" />
<pr uId="6" fId="0" fbTx="1.015842114" meta-info="ns3::WifiMacHeader (DATA ToDS=0, FromDS=0, MoreFrag=0, Retry=0, MoreData=0 Duration/ID=0us, DA=ff:ff:ff:ff:ff:ff, SA=00:00:00:00:00:01, BSSID=00:00:00:00:00:01, FragNumber=0, SeqNumber=1) ns3::LlcSnapHeader (type 0x806) ns3::ArpHeader (request source mac: 00-06-00:00:00:00:00:01 source ipv4: 192.168.1.1 dest ipv4: 192.168.1.5) ns3::WifiMacTrailer ()" />
<wpr uId="6" tId="1" fbRx="1.01584614" lbRx="0" />
<wpr uId="6" tId="3" fbRx="1.015846152" lbRx="0" />
<wpr uId="6" tId="4" fbRx="1.015846152" lbRx="0" />
<wpr uId="6" tId="2" fbRx="1.015846155" lbRx="0" />
<pr uId="7" fId="4" fbTx="1.016596152" meta-info="ns3::WifiMacHeader (DATA ToDS=0, FromDS=0, MoreFrag=0, Retry=0, MoreData=0 Duration/ID=314us, DA=00:00:00:00:00:01, SA=00:00:00:00:00:05, BSSID=00:00:00:00:00:05, FragNumber=0, SeqNumber=2) ns3::LlcSnapHeader (type 0x806) ns3::ArpHeader (reply source mac: 00-06-00:00:00:00:00:05 source ipv4: 192.168.1.5 dest mac: 00-06-00:00:00:00:00:01 dest ipv4: 192.168.1.1) ns3::WifiMacTrailer ()" />
<wpr uId="7" tId="3" fbRx="1.016600163" lbRx="0" />
<wpr uId="7" tId="1" fbRx="1.01660018" lbRx="0" />
<wpr uId="7" tId="0" fbRx="1.01660019" lbRx="0" />
<wpr uId="7" tId="2" fbRx="1.016600191" lbRx="0" />
<pr uId="8" fId="0" fbTx="1.01731019" meta-info="ns3::WifiMacHeader (CTL_ACK Duration/ID=0us, RA=00:00:00:00:00:05) ns3::WifiMacTrailer ()" />
<wpr uId="8" tId="1" fbRx="1.017314216" lbRx="0" />
<wpr uId="8" tId="3" fbRx="1.017314228" lbRx="0" />
<wpr uId="8" tId="4" fbRx="1.017314228" lbRx="0" />
<wpr uId="8" tId="2" fbRx="1.017314231" lbRx="0" />
<pr uId="9" fId="0" fbTx="1.01766419" meta-info="ns3::WifiMacHeader (DATA ToDS=0, FromDS=0, MoreFrag=0, Retry=0, MoreData=0 Duration/ID=314us, DA=00:00:00:00:00:05, SA=00:00:00:00:00:01, BSSID=00:00:00:00:00:01, FragNumber=0, SeqNumber=2) ns3::LlcSnapHeader (type 0x800) ns3::Ipv4Header (tos 0x0 DSCP Default ECN Not-ECT ttl 64 id 0 protocol 17 offset (bytes) 0 flags [none] length: 540 192.168.1.1 &gt; 192.168.1.5) ns3::UdpHeader (length: 520 20 &gt; 49153) Payload (size=512) ns3::WifiMacTrailer ()" />
<wpr uId="9" tId="1" fbRx="1.017668216" lbRx="0" />
<wpr uId="9" tId="3" fbRx="1.017668228" lbRx="0" />
<wpr uId="9" tId="4" fbRx="1.017668228" lbRx="0" />
<wpr uId="9" tId="2" fbRx="1.017668231" lbRx="0" />
<pr uId="10" fId="4" fbTx="1.022474228" meta-info="ns3::WifiMacHeader (CTL_ACK Duration/ID=0us, RA=00:00:00:00:00:01) ns3::WifiMacTrailer ()" />
<wpr uId="10" tId="3" fbRx="1.022478239" lbRx="0" />
<wpr uId="10" tId="1" fbRx="1.022478256" lbRx="0" />
<wpr uId="10" tId="0" fbRx="1.022478266" lbRx="0" />
<wpr uId="10" tId="2" fbRx="1.022478267" lbRx="0" />
<nu p="p" t="1.025477622" id="0" x="-0.8340773475" y="-1.33852179" />
<nu p="p" t="1.143026581" id="1" x="6.280555466" y="1.395826061" />
<nu p="p" t="1.25" id="0" x="-1.455764975" y="-1.908679473" />
<nu p="p" t="1.25" id="2" x="10.89619795" y="0.04969080925" />
<nu p="p" t="1.25" id="4" x="3.83525726" y="8.648726192" />
<nu p="p" t="1.291641554" id="0" x="-1.571067687" y="-2.014425066" />
<nu p="p" t="1.339690257" id="3" x="0.01075391194" y="9.287857401" />
<nu p="p" t="1.373187492" id="2" x="10.65126443" y="-0.01926430655" />
<nu p="p" t="1.379010333" id="4" x="3.885984837" y="8.342628507" />
<nu p="p" t="1.5" id="0" x="-1.649139507" y="-1.389474435" />
<nu p="p" t="1.5" id="1" x="6.964672064" y="0.8176328909" />
<nu p="p" t="1.5" id="2" x="10.86300801" y="0.3498187684" />
<nu p="p" t="1.541556834" id="1" x="7.044313063" y="0.7503228999" />
<nu p="p" t="1.609138272" id="3" x="0.409282837" y="10.20501317" />
<nu p="p" t="1.62246991" id="0" x="-1.695028929" y="-1.022138006" />
<nu p="p" t="1.67121314" id="2" x="11.14888898" y="0.8481282268" />
<nu p="p" t="1.75" id="4" x="3.269564956" y="7.89188069" />
<nu p="p" t="1.864827399" id="4" x="3.078772872" y="7.752366833" />
<nc c="1" i="0" t="2" v="0" />
<nc c="2" i="0" t="2" v="0" />
<nc c="1" i="1" t="2" v="0" />
<nc c="2" i="1" t="2" v="0" />
<nc c="1" i="2" t="2" v="0" />
<nc c="2" i="2" t="2" v="0" />
<nc c="1" i="3" t="2" v="0" />
<nc c="2" i="3" t="2" v="0" />
<nc c="1" i="4" t="2" v="0" />
<nc c="2" i="4" t="2" v="0" />
<nc c="3" i="0" t="2" v="3" />
<nc c="4" i="0" t="2" v="0" />
<nc c="5" i="0" t="2" v="3" />
<nc c="6" i="0" t="2" v="0" />
<nc c="3" i="1" t="2" v="0" />
<nc c="4" i="1" t="2" v="0" />
<nc c="5" i="1" t="2" v="2" />
<nc c="6" i="1" t="2" v="0" />
<nc c="3" i="2" t="2" v="0" />
<nc c="4" i="2" t="2" v="0" />
<nc c="5" i="2" t="2" v="2" />
<nc c="6" i="2" t="2" v="0" />
<nc c="3" i="3" t="2" v="0" />
<nc c="4" i="3" t="2" v="0" />
<nc c="5" i="3" t="2" v="2" />
<nc c="6" i="3" t="2" v="0" />
<nc c="3" i="4" t="2" v="3" />
<nc c="4" i="4" t="2" v="0" />
<nc c="5" i="4" t="2" v="3" />
<nc c="6" i="4" t="2" v="0" />
<nu p="p" t="2" id="2" x="10.71751386" y="1.38899118" />
<nu p="p" t="2" id="3" x="-0.006487315969" y="10.96387051" />
<pr uId="11" fId="4" fbTx="2.00005" meta-info="ns3::WifiMacHeader (DATA ToDS=0, FromDS=0, MoreFrag=0, Retry=0, MoreData=0 Duration/ID=314us, DA=00:00:00:00:00:01, SA=00:00:00:00:00:05, BSSID=00:00:00:00:00:05, FragNumber=0, SeqNumber=3) ns3::LlcSnapHeader (type 0x800) ns3::Ipv4Header (tos 0x0 DSCP Default ECN Not-ECT ttl 64 id 1 protocol 17 offset (bytes) 0 flags [none] length: 540 192.168.1.5 &gt; 192.168.1.1) ns3::UdpHeader (length: 520 49153 &gt; 20) Payload (size=512) ns3::WifiMacTrailer ()" />
<wpr uId="11" tId="3" fbRx="2.000054016" lbRx="0" />
<wpr uId="11" tId="1" fbRx="2.000054028" lbRx="0" />
<wpr uId="11" tId="2" fbRx="2.000054032" lbRx="0" />
<wpr uId="11" tId="0" fbRx="2.000054034" lbRx="0" />
<pr uId="12" fId="0" fbTx="2.004860034" meta-info="ns3::WifiMacHeader (CTL_ACK Duration/ID=0us, RA=00:00:00:00:00:05) ns3::WifiMacTrailer ()" />
<wpr uId="12" tId="1" fbRx="2.004864066" lbRx="0" />
<wpr uId="12" tId="4" fbRx="2.004864068" lbRx="0" />
<wpr uId="12" tId="2" fbRx="2.004864075" lbRx="0" />
<wpr uId="12" tId="3" fbRx="2.004864077" lbRx="0" />
<pr uId="13" fId="0" fbTx="2.005214034" meta-info="ns3::WifiMacHeader (DATA ToDS=0, FromDS=0, MoreFrag=0, Retry=0, MoreData=0 Duration/ID=314us, DA=00:00:00:00:00:05, SA=00:00:00:00:00:01, BSSID=00:00:00:00:00:01, FragNumber=0, SeqNumber=3) ns3::LlcSnapHeader (type 0x800) ns3::Ipv4Header (tos 0x0 DSCP Default ECN Not-ECT ttl 64 id 1 protocol 17 offset (bytes) 0 flags [none] length: 540 192.168.1.1 &gt; 192.168.1.5) ns3::UdpHeader (length: 520 20 &gt; 49153) Payload (size=512) ns3::WifiMacTrailer ()" />
<wpr uId="13" tId="1" fbRx="2.005218066" lbRx="0" />
<wpr uId="13" tId="4" fbRx="2.005218068" lbRx="0" />
<wpr uId="13" tId="2" fbRx="2.005218075" lbRx="0" />
<wpr uId="13" tId="3" fbRx="2.005218077" lbRx="0" />
<pr uId="14" fId="4" fbTx="2.010024068" meta-info="ns3::WifiMacHeader (CTL_ACK Duration/ID=0us, RA=00:00:00:00:00:01) ns3::WifiMacTrailer ()" />
<wpr uId="14" tId="3" fbRx="2.010028084" lbRx="0" />
<wpr uId="14" tId="1" fbRx="2.010028096" lbRx="0" />
<wpr uId="14" tId="2" fbRx="2.0100281" lbRx="0" />
<wpr uId="14" tId="0" fbRx="2.010028102" lbRx="0" />
<pr uId="15" fId="3" fbTx="2.010458084" meta-info="ns3::WifiMacHeader (DATA ToDS=0, FromDS=0, MoreFrag=0, Retry=0, MoreData=0 Duration/ID=0us, DA=ff:ff:ff:ff:ff:ff, SA=00:00:00:00:00:04, BSSID=00:00:00:00:00:04, FragNumber=0, SeqNumber=0) ns3::LlcSnapHeader (type 0x806) ns3::ArpHeader (request source mac: 00-06-00:00:00:00:00:04 source ipv4: 192.168.1.4 dest ipv4: 192.168.1.1) ns3::WifiMacTrailer ()" />
<wpr uId="15" tId="4" fbRx="2.0104621" lbRx="0" />
<wpr uId="15" tId="0" fbRx="2.010462127" lbRx="0" />
<wpr uId="15" tId="1" fbRx="2.010462128" lbRx="0" />
<wpr uId="15" tId="2" fbRx="2.010462132" lbRx="0" />
<pr uId="16" fId="0" fbTx="2.011352127" meta-info="ns3::WifiMacHeader (DATA ToDS=0, FromDS=0, MoreFrag=0, Retry=0, MoreData=0 Duration/ID=314us, DA=00:00:00:00:00:04, SA=00:00:00:00:00:01, BSSID=00:00:00:00:00:01, FragNumber=0, SeqNumber=4) ns3::LlcSnapHeader (type 0x806) ns3::ArpHeader (reply source mac: 00-06-00:00:00:00:00:01 source ipv4: 192.168.1.1 dest mac: 00-06-00:00:00:00:00:04 dest ipv4: 192.168.1.4) ns3::WifiMacTrailer ()" />
<wpr uId="16" tId="1" fbRx="2.011356159" lbRx="0" />
<wpr uId="16" tId="4" fbRx="2.011356161" lbRx="0" />
<wpr uId="16" tId="2" fbRx="2.011356168" lbRx="0" />
<wpr uId="16" tId="3" fbRx="2.01135617" lbRx="0" />
<pr uId="17" fId="3" fbTx="2.01206617" meta-info="ns3::WifiMacHeader (CTL_ACK Duration/ID=0us, RA=00:00:00:00:00:01) ns3::WifiMacTrailer ()" />
<wpr uId="17" tId="4" fbRx="2.012070186" lbRx="0" />
<wpr uId="17" tId="0" fbRx="2.012070213" lbRx="0" />
<wpr uId="17" tId="1" fbRx="2.012070214" lbRx="0" />
<wpr uId="17" tId="2" fbRx="2.012070218" lbRx="0" />
<pr uId="18" fId="3" fbTx="2.01242017" meta-info="ns3::WifiMacHeader (DATA ToDS=0, FromDS=0, MoreFrag=0, Retry=0, MoreData=0 Duration/ID=314us, DA=00:00:00:00:00:01, SA=00:00:00:00:00:04, BSSID=00:00:00:00:00:04, FragNumber=0, SeqNumber=1) ns3::LlcSnapHeader (type 0x800) ns3::Ipv4Header (tos 0x0 DSCP Default ECN Not-ECT ttl 64 id 0 protocol 17 offset (bytes) 0 flags [none] length: 540 192.168.1.4 &gt; 192.168.1.1) ns3::UdpHeader (length: 520 49153 &gt; 20) Payload (size=512) ns3::WifiMacTrailer ()" />
<wpr uId="18" tId="4" fbRx="2.012424186" lbRx="0" />
<wpr uId="18" tId="0" fbRx="2.012424213" lbRx="0" />
<wpr uId="18" tId="1" fbRx="2.012424214" lbRx="0" />
<wpr uId="18" tId="2" fbRx="2.012424218" lbRx="0" />
<nu p="p" t="2.014549829" id="1" x="8.008709819" y="0.4858632665" />
<pr uId="19" fId="0" fbTx="2.017230213" meta-info="ns3::WifiMacHeader (CTL_ACK Duration/ID=0us, RA=00:00:00:00:00:04) ns3::WifiMacTrailer ()" />
<wpr uId="19" tId="1" fbRx="2.017234245" lbRx="0" />
<wpr uId="19" tId="4" fbRx="2.017234247" lbRx="0" />
<wpr uId="19" tId="2" fbRx="2.017234254" lbRx="0" />
<wpr uId="19" tId="3" fbRx="2.017234256" lbRx="0" />
<pr uId="20" fId="0" fbTx="2.020270213" meta-info="ns3::WifiMacHeader (DATA ToDS=0, FromDS=0, MoreFrag=0, Retry=0, MoreData=0 Duration/ID=0us, DA=ff:ff:ff:ff:ff:ff, SA=00:00:00:00:00:01, BSSID=00:00:00:00:00:01, FragNumber=0, SeqNumber=5) ns3::LlcSnapHeader (type 0x806) ns3::ArpHeader (request source mac: 00-06-00:00:00:00:00:01 source ipv4: 192.168.1.1 dest ipv4: 192.168.1.4) ns3::WifiMacTrailer ()" />
<wpr uId="20" tId="1" fbRx="2.020274245" lbRx="0" />
<wpr uId="20" tId="4" fbRx="2.020274247" lbRx="0" />
<wpr uId="20" tId="2" fbRx="2.020274254" lbRx="0" />
<wpr uId="20" tId="3" fbRx="2.020274256" lbRx="0" />
<pr uId="21" fId="3" fbTx="2.021024256" meta-info="ns3::WifiMacHeader (DATA ToDS=0, FromDS=0, MoreFrag=0, Retry=0, MoreData=0 Duration/ID=314us, DA=00:00:00:00:00:01, SA=00:00:00:00:00:04, BSSID=00:00:00:00:00:04, FragNumber=0, SeqNumber=2) ns3::LlcSnapHeader (type 0x806) ns3::ArpHeader (reply source mac: 00-06-00:00:00:00:00:04 source ipv4: 192.168.1.4 dest mac: 00-06-00:00:00:00:00:01 dest ipv4: 192.168.1.1) ns3::WifiMacTrailer ()" />
<wpr uId="21" tId="4" fbRx="2.021028273" lbRx="0" />
<wpr uId="21" tId="0" fbRx="2.021028299" lbRx="0" />
<wpr uId="21" tId="1" fbRx="2.0210283" lbRx="0" />
<wpr uId="21" tId="2" fbRx="2.021028304" lbRx="0" />
<pr uId="22" fId="0" fbTx="2.021738299" meta-info="ns3::WifiMacHeader (CTL_ACK Duration/ID=0us, RA=00:00:00:00:00:04) ns3::WifiMacTrailer ()" />
<wpr uId="22" tId="1" fbRx="2.021742331" lbRx="0" />
<wpr uId="22" tId="4" fbRx="2.021742333" lbRx="0" />
<wpr uId="22" tId="2" fbRx="2.02174234" lbRx="0" />
<wpr uId="22" tId="3" fbRx="2.021742342" lbRx="0" />
<pr uId="23" fId="0" fbTx="2.022332299" meta-info="ns3::WifiMacHeader (DATA ToDS=0, FromDS=0, MoreFrag=0, Retry=0, MoreData=0 Duration/ID=314us, DA=00:00:00:00:00:04, SA=00:00:00:00:00:01, BSSID=00:00:00:00:00:01, FragNumber=0, SeqNumber=6) ns3::LlcSnapHeader (type 0x800) ns3::Ipv4Header (tos 0x0 DSCP Default ECN Not-ECT ttl 64 id 0 protocol 17 offset (bytes) 0 flags [none] length: 540 192.168.1.1 &gt; 192.168.1.4) ns3::UdpHeader (length: 520 20 &gt; 49153) Payload (size=512) ns3::WifiMacTrailer ()" />
<wpr uId="23" tId="1" fbRx="2.022336331" lbRx="0" />
<wpr uId="23" tId="4" fbRx="2.022336333" lbRx="0" />
<wpr uId="23" tId="2" fbRx="2.02233634" lbRx="0" />
<wpr uId="23" tId="3" fbRx="2.022336342" lbRx="0" />
<pr uId="24" fId="3" fbTx="2.027142342" meta-info="ns3::WifiMacHeader (CTL_ACK Duration/ID=0us, RA=00:00:00:00:00:01) ns3::WifiMacTrailer ()" />
<wpr uId="24" tId="4" fbRx="2.027146359" lbRx="0" />
<wpr uId="24" tId="0" fbRx="2.027146385" lbRx="0" />
<wpr uId="24" tId="1" fbRx="2.027146386" lbRx="0" />
<wpr uId="24" tId="2" fbRx="2.02714639" lbRx="0" />
<nu p="p" t="2.05508415" id="0" x="-1.15868589" y="-1.866138093" />
<nu p="p" t="2.060849346" id="3" x="-0.07121440507" y="11.0820094" />
<nu p="p" t="2.146461132" id="2" x="10.52535385" y="1.629923559" />
<nu p="p" t="2.197925998" id="4" x="3.744567629" y="7.006231897" />
<nu p="p" t="2.25" id="1" x="7.856442635" y="-0.1750673864" />
<nu p="p" t="2.25" id="4" x="3.817834384" y="6.848838057" />
<nu p="p" t="2.361696649" id="1" x="7.784207674" y="-0.4886103278" />
<nu p="p" t="2.399022365" id="3" x="-0.1845558825" y="12.07556549" />
<nu p="p" t="2.404699706" id="0" x="-2.019691077" y="-1.357541918" />
<nu p="p" t="2.407762984" id="2" x="11.07930112" y="2.462475311" />
<nu p="p" t="2.497872148" id="4" x="4.166583998" y="6.099643686" />
<nu p="p" t="2.5" id="0" x="-1.925358497" y="-1.542687404" />
<nu p="p" t="2.5" id="1" x="8.051849036" y="-0.746903052" />
<nu p="p" t="2.5" id="3" x="0.02435408362" y="12.29478094" />
<nu p="p" t="2.684577309" id="2" x="11.86465612" y="1.843429656" />
<nu p="p" t="2.732482105" id="3" x="0.5053301798" y="12.79948346" />
<nu p="p" t="2.733529523" id="1" x="8.503769825" y="-1.183038375" />
<nu p="p" t="2.75" id="0" x="-1.67789709" y="-2.028377107" />
<nu p="p" t="2.795470224" id="4" x="4.770260541" y="6.896873035" />
<nu p="p" t="2.863332983" id="0" x="-1.565714932" y="-2.248555758" />
<nu p="p" t="2.994448261" id="1" x="9.418128084" y="-1.587944503" />
<nc c="1" i="0" t="3" v="0" />
<nc c="2" i="0" t="3" v="0" />
<nc c="1" i="1" t="3" v="0" />
<nc c="2" i="1" t="3" v="0" />
<nc c="1" i="2" t="3" v="0" />
<nc c="2" i="2" t="3" v="0" />
<nc c="1" i="3" t="3" v="0" />
<nc c="2" i="3" t="3" v="0" />
<nc c="1" i="4" t="3" v="0" />
<nc c="2" i="4" t="3" v="0" />
<nc c="3" i="0" t="3" v="7" />
<nc c="4" i="0" t="3" v="0" />
<nc c="5" i="0" t="3" v="7" />
<nc c="6" i="0" t="3" v="0" />
<nc c="3" i="1" t="3" v="0" />
<nc c="4" i="1" t="3" v="0" />
<nc c="5" i="1" t="3" v="4" />
<nc c="6" i="1" t="3" v="0" />
<nc c="3" i="2" t="3" v="0" />
<nc c="4" i="2" t="3" v="0" />
<nc c="5" i="2" t="3" v="4" />
<nc c="6" i="2" t="3" v="0" />
<nc c="3" i="3" t="3" v="3" />
<nc c="4" i="3" t="3" v="0" />
<nc c="5" i="3" t="3" v="5" />
<nc c="6" i="3" t="3" v="0" />
<nc c="3" i="4" t="3" v="4" />
<nc c="4" i="4" t="3" v="0" />
<nc c="5" i="4" t="3" v="6" />
<nc c="6" i="4" t="3" v="0" />
<nu p="p" t="3" id="0" x="-2.026814084" y="-2.374115742" />
<nu p="p" t="3" id="3" x="0.7908652629" y="11.91639624" />
<nu p="p" t="3.020724017" id="3" x="0.8129850314" y="11.84798543" />
<nu p="p" t="3.139949909" id="2" x="10.86525873" y="1.808718627" />
<nu p="p" t="3.149313754" id="0" x="-2.530581905" y="-2.511294652" />
<nu p="p" t="3.226423837" id="4" x="4.625402011" y="5.907420659" />
<nu p="p" t="3.25" id="1" x="9.886373498" y="-2.254294963" />
<nu p="p" t="3.25" id="2" x="10.64090262" y="2.149919018" />
<nu p="p" t="3.25" id="3" x="1.597561769" y="11.90159498" />
<nu p="p" t="3.308232748" id="1" x="9.993072898" y="-2.406136694" />
<nu p="p" t="3.312273087" id="3" x="1.81065873" y="11.91615573" />
<nu p="p" t="3.407674104" id="0" x="-3.51310804" y="-2.32516998" />
<nu p="p" t="3.409446388" id="2" x="10.31584364" y="2.644268178" />
<nu p="p" t="3.482989847" id="4" x="5.525918766" y="6.342241976" />
<nu p="p" t="3.5" id="3" x="1.466709719" y="12.28325066" />
<nu p="p" t="3.685450306" id="3" x="1.126931855" y="12.64589374" />
<nu p="p" t="3.719432479" id="1" x="9.406531303" y="-1.596217588" />
<nu p="p" t="3.727706458" id="0" x="-2.789763091" y="-3.015656825" />
<nu p="p" t="3.75" id="2" x="10.84824863" y="1.907027489" />
<nu p="p" t="3.75" id="4" x="5.023413858" y="5.859308696" />
<nu p="p" t="3.783934704" id="2" x="10.9013005" y="1.833564622" />
<nu p="p" t="3.866103605" id="4" x="4.804910439" y="5.649315577" />
<nu p="p" t="3.955064642" id="3" x="2.064723518" y="12.29869524" />
<nu p="p" t="3.978767483" id="1" x="9.0792347" y="-0.6512959318" />
<nc c="1" i="0" t="4" v="0" />
<nc c="2" i="0" t="4" v="0" />
<nc c="1" i="1" t="4" v="0" />
<nc c="2" i="1" t="4" v="0" />
<nc c="1" i="2" t="4" v="0" />
<nc c="2" i="2" t="4" v="0" />
<nc c="1" i="3" t="4" v="0" />
<nc c="2" i="3" t="4" v="0" />
<nc c="1" i="4" t="4" v="0" />
<nc c="2" i="4" t="4" v="0" />
<nc c="3" i="0" t="4" v="7" />
<nc c="4" i="0" t="4" v="0" />
<nc c="5" i="0" t="4" v="7" />
<nc c="6" i="0" t="4" v="0" />
<nc c="3" i="1" t="4" v="0" />
<nc c="4" i="1" t="4" v="0" />
<nc c="5" i="1" t="4" v="4" />
<nc c="6" i="1" t="4" v="0" />
<nc c="3" i="2" t="4" v="0" />
<nc c="4" i="2" t="4" v="0" />
<nc c="5" i="2" t="4" v="4" />
<nc c="6" i="2" t="4" v="0" />
<nc c="3" i="3" t="4" v="4" />
<nc c="4" i="3" t="4" v="0" />
<nc c="5" i="3" t="4" v="5" />
<nc c="6" i="3" t="4" v="0" />
<nc c="3" i="4" t="4" v="4" />
<nc c="4" i="4" t="4" v="0" />
<nc c="5" i="4" t="4" v="6" />
<nc c="6" i="4" t="4" v="0" />
<nu p="p" t="4" id="2" x="11.54054188" y="1.298874224" />
<pr uId="25" fId="3" fbTx="4.00005" meta-info="ns3::WifiMacHeader (DATA ToDS=0, FromDS=0, MoreFrag=0, Retry=0, MoreData=0 Duration/ID=314us, DA=00:00:00:00:00:01, SA=00:00:00:00:00:04, BSSID=00:00:00:00:00:04, FragNumber=0, SeqNumber=3) ns3::LlcSnapHeader (type 0x800) ns3::Ipv4Header (tos 0x0 DSCP Default ECN Not-ECT ttl 64 id 1 protocol 17 offset (bytes) 0 flags [none] length: 540 192.168.1.4 &gt; 192.168.1.1) ns3::UdpHeader (length: 520 49153 &gt; 20) Payload (size=512) ns3::WifiMacTrailer ()" />
<wpr uId="25" tId="4" fbRx="4.000054023" lbRx="0" />
<wpr uId="25" tId="2" fbRx="4.000054048" lbRx="0" />
<wpr uId="25" tId="1" fbRx="4.000054049" lbRx="0" />
<wpr uId="25" tId="0" fbRx="4.000054054" lbRx="0" />
<pr uId="26" fId="0" fbTx="4.004860054" meta-info="ns3::WifiMacHeader (CTL_ACK Duration/ID=0us, RA=00:00:00:00:00:04) ns3::WifiMacTrailer ()" />
<wpr uId="26" tId="1" fbRx="4.004864093" lbRx="0" />
<wpr uId="26" tId="4" fbRx="4.004864093" lbRx="0" />
<wpr uId="26" tId="2" fbRx="4.004864102" lbRx="0" />
<wpr uId="26" tId="3" fbRx="4.004864108" lbRx="0" />
<pr uId="27" fId="0" fbTx="4.005214054" meta-info="ns3::WifiMacHeader (DATA ToDS=0, FromDS=0, MoreFrag=0, Retry=0, MoreData=0 Duration/ID=314us, DA=00:00:00:00:00:04, SA=00:00:00:00:00:01, BSSID=00:00:00:00:00:01, FragNumber=0, SeqNumber=7) ns3::LlcSnapHeader (type 0x800) ns3::Ipv4Header (tos 0x0 DSCP Default ECN Not-ECT ttl 64 id 1 protocol 17 offset (bytes) 0 flags [none] length: 540 192.168.1.1 &gt; 192.168.1.4) ns3::UdpHeader (length: 520 20 &gt; 49153) Payload (size=512) ns3::WifiMacTrailer ()" />
<wpr uId="27" tId="1" fbRx="4.005218093" lbRx="0" />
<wpr uId="27" tId="4" fbRx="4.005218093" lbRx="0" />
<wpr uId="27" tId="2" fbRx="4.005218102" lbRx="0" />
<wpr uId="27" tId="3" fbRx="4.005218108" lbRx="0" />
<pr uId="28" fId="3" fbTx="4.010024108" meta-info="ns3::WifiMacHeader (CTL_ACK Duration/ID=0us, RA=00:00:00:00:00:01) ns3::WifiMacTrailer ()" />
<wpr uId="28" tId="4" fbRx="4.010028131" lbRx="0" />
<wpr uId="28" tId="2" fbRx="4.010028156" lbRx="0" />
<wpr uId="28" tId="1" fbRx="4.010028157" lbRx="0" />
<wpr uId="28" tId="0" fbRx="4.010028162" lbRx="0" />
<nu p="p" t="4.043198328" id="2" x="11.66834657" y="1.1919726" />
<nu p="p" t="4.153010061" id="0" x="-1.879255925" y="-3.429150115" />
<nu p="p" t="4.243186219" id="4" x="4.500858211" y="6.60197094" />
<nu p="p" t="4.25" id="0" x="-2.004019555" y="-3.773472128" />
<nu p="p" t="4.25" id="1" x="9.554239085" y="-1.34168068" />
<nu p="p" t="4.25" id="2" x="11.37463467" y="0.7930492522" />
<nu p="p" t="4.302430223" id="1" x="9.646059144" y="-1.47513454" />
<nu p="p" t="4.394476357" id="3" x="3.044719341" y="12.4977133" />
<nu p="p" t="4.417844259" id="0" x="-2.219927094" y="-4.369332625" />
<nu p="p" t="4.460654605" id="2" x="11.0754506" y="0.3866935424" />
<nu p="p" t="4.5" id="1" x="9.597910251" y="-2.177583255" />
<nu p="p" t="4.5" id="2" x="10.95622198" y="0.4019164678" />
<nu p="p" t="4.5" id="4" x="4.801270645" y="5.992467354" />
<nu p="p" t="4.583030469" id="1" x="9.577675247" y="-2.472793622" />
<nu p="p" t="4.62112244" id="4" x="4.942955747" y="5.705003958" />
<nu p="p" t="4.75" id="0" x="-1.800224258" y="-4.997751311" />
<nu p="p" t="4.75" id="1" x="9.742377513" y="-3.031772771" />
<nu p="p" t="4.75" id="3" x="3.523497607" y="11.75341231" />
<nu p="p" t="4.75" id="4" x="5.408951836" y="5.825612451" />
<nu p="p" t="4.787996865" id="2" x="10.08350317" y="0.5133438602" />
<nu p="p" t="4.79620117" id="3" x="3.585716018" y="11.65668857" />
<nu p="p" t="4.85738658" id="0" x="-1.664533537" y="-5.200920262" />
<nu p="p" t="4.86955597" id="1" x="9.860310042" y="-3.432021212" />
<nu p="p" t="4.888863789" id="4" x="5.911056179" y="5.955566435" />
<nc c="1" i="0" t="5" v="0" />
<nc c="2" i="0" t="5" v="0" />
<nc c="1" i="1" t="5" v="0" />
<nc c="2" i="1" t="5" v="0" />
<nc c="1" i="2" t="5" v="0" />
<nc c="2" i="2" t="5" v="0" />
<nc c="1" i="3" t="5" v="0" />
<nc c="2" i="3" t="5" v="0" />
<nc c="1" i="4" t="5" v="0" />
<nc c="2" i="4" t="5" v="0" />
<nc c="3" i="0" t="5" v="8" />
<nc c="4" i="0" t="5" v="0" />
<nc c="5" i="0" t="5" v="8" />
<nc c="6" i="0" t="5" v="0" />
<nc c="3" i="1" t="5" v="0" />
<nc c="4" i="1" t="5" v="0" />
<nc c="5" i="1" t="5" v="4" />
<nc c="6" i="1" t="5" v="0" />
<nc c="3" i="2" t="5" v="0" />
<nc c="4" i="2" t="5" v="0" />
<nc c="5" i="2" t="5" v="4" />
<nc c="6" i="2" t="5" v="0" />
<nc c="3" i="3" t="5" v="4" />
<nc c="4" i="3" t="5" v="0" />
<nc c="5" i="3" t="5" v="6" />
<nc c="6" i="3" t="5" v="0" />
<nc c="3" i="4" t="5" v="4" />
<nc c="4" i="4" t="5" v="0" />
<nc c="5" i="4" t="5" v="6" />
<nc c="6" i="4" t="5" v="0" />
<nu p="p" t="5" id="2" x="10.30092595" y="-0.2475311828" />
<nu p="p" t="5" id="3" x="3.614608182" y="12.2008989" />
<nu p="p" t="5" id="4" x="5.918049788" y="6.318930486" />
<nu p="p" t="5.055904159" id="2" x="10.35825925" y="-0.4481700997" />
<nu p="p" t="5.170159939" id="3" x="3.638731425" y="12.65528226" />
<nu p="p" t="5.194660776" id="4" x="5.930299453" y="6.955381265" />
<nu p="p" t="5.242217579" id="0" x="-2.547650008" y="-5.670074073" />
<nu p="p" t="5.25" id="1" x="8.867032685" y="-3.421409208" />
<nu p="p" t="5.252553042" id="1" x="8.860367109" y="-3.421337995" />
<nu p="p" t="5.471234531" id="2" x="11.35709393" y="-0.4964326617" />
<nu p="p" t="5.5" id="0" x="-1.994696022" y="-5.357756215" />
<nu p="p" t="5.5" id="1" x="9.344542622" y="-3.553947666" />
<nu p="p" t="5.5" id="3" x="4.047458882" y="13.48805019" />
<nu p="p" t="5.5" id="4" x="5.135070203" y="7.080751043" />
<nu p="p" t="5.525719763" id="3" x="4.079330005" y="13.5529865" />
<nu p="p" t="5.573940123" id="4" x="4.942499633" y="7.111110251" />
<nu p="p" t="5.64813612" id="0" x="-1.676937901" y="-5.178281" />
<nu p="p" t="5.745468176" id="1" x="9.824846285" y="-3.685496885" />
<nu p="p" t="5.75" id="2" x="12.18103224" y="-0.214054256" />
<nu p="p" t="5.75" id="3" x="3.569700428" y="13.56674528" />
<nu p="p" t="5.791292871" id="2" x="12.30308028" y="-0.1722262092" />
<nu p="p" t="5.866210729" id="4" x="3.953282216" y="6.964655816" />
<nu p="p" t="5.958265043" id="0" x="-2.565875527" y="-5.636309268" />
<nu p="p" t="5.965644281" id="3" x="3.079694242" y="13.57997428" />
<nc c="1" i="0" t="6" v="0" />
<nc c="2" i="0" t="6" v="0" />
<nc c="1" i="1" t="6" v="0" />
<nc c="2" i="1" t="6" v="0" />
<nc c="1" i="2" t="6" v="0" />
<nc c="2" i="2" t="6" v="0" />
<nc c="1" i="3" t="6" v="0" />
<nc c="2" i="3" t="6" v="0" />
<nc c="1" i="4" t="6" v="0" />
<nc c="2" i="4" t="6" v="0" />
<nc c="3" i="0" t="6" v="8" />
<nc c="4" i="0" t="6" v="0" />
<nc c="5" i="0" t="6" v="8" />
<nc c="6" i="0" t="6" v="0" />
<nc c="3" i="1" t="6" v="0" />
<nc c="4" i="1" t="6" v="0" />
<nc c="5" i="1" t="6" v="4" />
<nc c="6" i="1" t="6" v="0" />
<nc c="3" i="2" t="6" v="0" />
<nc c="4" i="2" t="6" v="0" />
<nc c="5" i="2" t="6" v="4" />
<nc c="6" i="2" t="6" v="0" />
<nc c="3" i="3" t="6" v="4" />
<nc c="4" i="3" t="6" v="0" />
<nc c="5" i="3" t="6" v="6" />
<nc c="6" i="3" t="6" v="0" />
<nc c="3" i="4" t="6" v="4" />
<nc c="4" i="4" t="6" v="0" />
<nc c="5" i="4" t="6" v="6" />
<nc c="6" i="4" t="6" v="0" />
<nu p="p" t="6" id="1" x="10.27791338" y="-4.380027954" />
<nu p="p" t="6" id="2" x="12.94880593" y="0.08438765843" />
<nu p="p" t="6" id="4" x="4.074419372" y="7.28442199" />
<nu p="p" t="6.05241314" id="1" x="10.37120887" y="-4.523045647" />
<nu p="p" t="6.091657043" id="2" x="13.23238657" y="0.1970837049" />
<nu p="p" t="6.23103361" id="0" x="-1.720164353" y="-6.169950167" />
<nu p="p" t="6.25" id="3" x="2.639599722" y="13.15849828" />
<nu p="p" t="6.257473305" id="4" x="4.307544075" y="7.89980208" />
<nu p="p" t="6.432287281" id="3" x="2.357475509" y="12.88830955" />
<nu p="p" t="6.5" id="0" x="-2.507732585" y="-6.65339124" />
<nu p="p" t="6.5" id="1" x="11.14738518" y="-4.075899315" />
<nu p="p" t="6.5" id="2" x="14.10242618" y="0.6019365563" />
<nu p="p" t="6.5" id="4" x="3.755757871" y="8.011276103" />
<nu p="p" t="6.517181757" id="2" x="14.13903464" y="0.6189714609" />
<nu p="p" t="6.522088179" id="0" x="-2.572409618" y="-6.693092606" />
<nu p="p" t="6.552084784" id="1" x="11.23770726" y="-4.023865794" />
<nu p="p" t="6.688299614" id="4" x="3.327346766" y="8.097825402" />
<nu p="p" t="6.75" id="0" x="-2.059154344" y="-7.219624825" />
<nu p="p" t="6.75" id="1" x="11.41263854" y="-3.379349768" />
<nu p="p" t="6.75" id="2" x="13.50037529" y="0.1600417989" />
<nu p="p" t="6.75" id="3" x="2.973335644" y="13.30109058" />
<nu p="p" t="6.81321902" id="2" x="13.32695495" y="0.035424917" />
<nu p="p" t="6.832045471" id="0" x="-1.874388717" y="-7.409169991" />
<nu p="p" t="6.848438822" id="1" x="11.49964565" y="-3.058781194" />
<nu p="p" t="6.860818866" id="3" x="3.188148957" y="13.44506948" />
</anim>
